IP Address,Login Source,Login Date & Time
73.61.18.138,Web,"Jun 3, 2019, 1:14:51 AM"
98.110.234.60,Web,"Apr 6, 2019, 6:39:21 PM"
151.250.132.52,Web,"Feb 10, 2015, 9:15:35 PM"
108.7.191.40,Web,"Jun 15, 2019, 2:07:31 PM"
73.227.68.38,Web,"Jun 22, 2019, 1:55:45 PM"
108.7.191.40,Web,"Jun 23, 2019, 1:02:40 AM"
108.7.191.40,Web,"Jul 13, 2019, 7:48:38 PM"
108.7.191.40,Web,"Oct 13, 2019, 9:56:25 PM"
108.7.191.40,Web,"Oct 25, 2019, 2:48:20 PM"
108.7.191.40,Web,"Oct 29, 2019, 9:27:15 PM"
24.38.36.4,Web,"Nov 2, 2019, 12:46:15 AM"
108.7.191.40,Web,"Nov 26, 2019, 4:10:59 PM"
108.7.191.40,Web,"Dec 20, 2019, 3:52:30 PM"
108.7.191.40,Web,"Dec 20, 2019, 9:00:52 PM"
108.7.191.40,Web,"Feb 24, 2020, 1:43:55 AM"
73.219.179.42,Web,"Apr 27, 2020, 2:50:03 PM"
108.7.191.40,Web,"May 3, 2020, 4:58:44 PM"
108.7.191.40,Web,"May 5, 2020, 6:52:16 PM"
108.7.191.40,Web,"May 6, 2020, 3:02:05 AM"
97.35.1.134,Web,"May 25, 2020, 11:57:57 PM"
104.219.97.30,Web,"Jun 8, 2020, 11:29:47 AM"
70.20.33.250,Mobile,"Jul 20, 2020, 8:51:51 AM"
72.93.224.183,Web,"Jul 29, 2020, 12:49:54 PM"
104.219.97.78,Web,"Aug 28, 2020, 9:56:52 PM"
104.219.97.78,Web,"Sep 8, 2020, 11:59:04 AM"
104.219.97.78,Web,"Sep 14, 2020, 10:52:56 AM"
104.219.97.78,Web,"Oct 1, 2020, 11:52:19 PM"
104.219.97.78,Web,"Oct 18, 2020, 12:57:20 PM"
104.219.97.78,Web,"Oct 19, 2020, 10:34:30 PM"
104.219.97.78,Web,"Oct 20, 2020, 11:50:01 AM"
104.219.97.78,Mobile,"Oct 21, 2020, 10:42:38 PM"
104.219.97.78,Web,"Oct 21, 2020, 10:52:13 PM"
2600:1000:b108:93d4:ccb0:8a69:7cd2:be6e,Mobile,"Nov 5, 2020, 8:31:44 PM"
104.219.97.78,Web,"Nov 12, 2020, 9:21:07 PM"
104.219.97.78,Web,"Nov 13, 2020, 1:45:05 PM"
104.219.97.78,Web,"Nov 15, 2020, 7:14:53 PM"
104.219.97.78,Web,"Nov 24, 2020, 4:14:34 PM"
104.219.97.78,Web,"Dec 7, 2020, 9:27:43 PM"
104.219.97.78,Web,"Dec 10, 2020, 8:52:58 PM"
104.219.97.78,Web,"Dec 14, 2020, 1:38:41 AM"
108.49.49.6,Web,"Jan 18, 2021, 10:02:02 PM"
108.49.49.6,Web,"Feb 17, 2021, 10:48:29 PM"
73.98.170.232,Web,"Mar 7, 2021, 10:12:29 PM"
66.60.117.142,Web,"Mar 8, 2021, 6:51:24 PM"
67.171.122.8,Web,"May 4, 2021, 1:38:21 PM"
67.171.122.8,Web,"May 4, 2021, 1:39:43 PM"
67.171.122.8,Web,"Jul 18, 2021, 12:18:56 AM"
67.171.122.8,Web,"Aug 29, 2021, 9:25:36 PM"
67.171.122.8,Web,"Sep 5, 2021, 1:11:02 PM"
67.171.122.8,Web,"Sep 8, 2021, 8:10:03 PM"
72.93.108.92,Web,"Oct 7, 2021, 12:27:57 PM"
72.93.108.92,Web,"Oct 7, 2021, 12:30:43 PM"
72.93.108.92,Mobile,"Oct 7, 2021, 12:31:56 PM"
72.93.108.92,Web,"Oct 7, 2021, 3:23:19 PM"
72.93.108.92,Web,"Oct 7, 2021, 3:32:04 PM"
24.11.117.2,Web,"Nov 21, 2021, 3:54:12 PM"
98.50.113.63,Web,"Feb 12, 2022, 9:48:35 PM"
2601:681:5580:8860:a088:77d:f98b:e879,Web,"May 13, 2022, 11:57:01 PM"
2601:282:1f33:1762:c5d1:7715:597f:9b05,Web,"May 15, 2022, 7:48:29 PM"
2601:681:5580:8860:3130:6fb:264c:1dab,Web,"May 22, 2022, 2:57:31 AM"
2601:681:5580:8860:a09a:7ff0:f61e:22a,Web,"May 26, 2022, 5:06:00 PM"
2601:681:5580:8860:f4f0:3409:37d9:40df,Web,"Jun 18, 2022, 6:50:13 PM"
107.0.35.225,Web,"Feb 18, 2023, 10:08:50 PM"
2601:681:6000:ac70:b936:6eea:1de3:3c6e,Web,"May 25, 2023, 7:42:27 PM"
2601:681:6000:ac70:d078:4e2e:677:2006,Web,"Jun 10, 2023, 4:21:18 PM"
2601:681:6000:ac70:68dc:b00a:9f6d:6afe,Web,"Jun 27, 2023, 11:51:00 PM"
2601:681:6000:ac70:68dc:b00a:9f6d:6afe,Web,"Jun 27, 2023, 11:51:00 PM"
